temperature_C,Mean_Resistance,Standard_Deviation,Measurement_Count
21.0,389565.08225867274,,1
22.0,358739.1495954983,,1
30.0,292331.15916556143,13312.072944540474,2
40.0,213739.36561779247,11512.563587542054,2
50.0,149428.7691162019,13144.432186527567,2
60.0,71608.0352516476,31026.32316763702,2
65.0,28613.135923682396,31573.374616201356,2
70.0,5623.594077930737,7159.184111538689,2
75.0,486.85719254403614,348.2751449094049,2
80.0,205.06648577825587,49.875812369529065,2
90.0,122.27770627731502,4.266077852719439,2
100.0,108.00012060278029,,1
