temperature_C,resistance,file,sheet
21.0,389565.08225867274,IV_21C_Up.xls,Data
22.0,358739.1495954983,IV_22C_Down.xls,Data
30.0,282918.10211482685,IV_30C_Down.xls,Data
30.0,301744.21621629596,IV_30C_Up.xls,Data
40.0,205598.75383620014,IV_40C_Down.xls,Data
40.0,221879.97739938478,IV_40C_Up.xls,Data
50.0,140134.25198226154,IV_50C_Down.xls,Data
50.0,158723.28625014226,IV_50C_Up.xls,Data
60.0,49669.11174452618,IV_60C_Down.xls,Data
60.0,93546.95875876902,IV_60C_Up.xls,Data
65.0,6287.38862762321,IV_65C_Down.xls,Data
65.0,50938.88321974158,IV_65C_Up.xls,Data
70.0,561.2864448987413,IV_70C_Down.xls,Data
70.0,10685.901710962731,IV_70C_Up.xls,Data
75.0,240.5894758598684,IV_75C_Down.xls,Data
75.0,733.1249092282038,IV_75C_Up.xls,Data
80.0,169.798960634574,IV_80C_Down.xls,Data
80.0,240.33401092193776,IV_80C_Up.xls,Data
90.0,119.26113369858736,IV_90C_Down.xls,Data
90.0,125.29427885604268,IV_90C_Up.xls,Data
100.0,108.00012060278029,IV_100C_Up.xls,Data
